GDP_Type,Guardium_Version,DataSource,DataSource_Version,VA_supported,Classification_supported,Notes,Download_URL,Readme_URL
GDP,GDP 11.5,Apache Cassandra,4.0.1,,,,https://github.com/IBM/universal-connectors/releases/download/v1.5.6/logstash-filter-cassandra_guardium_plugin_filter.zip,https://github.com/IBM/universal-connectors/blob/main/filter-plugin/logstash-filter-cassandra-guardium/README.md
GDP,GDP 11.5,Couchbase,6.6.2-9600,,,,https://github.com/IBM/universal-connectors/releases/download/v1.5.6/logstash-filter-couchbasedb_guardium_plugin_filter.zip,https://github.com/IBM/universal-connectors/blob/main/filter-plugin/logstash-filter-couchbasedb-guardium/README.md
GDP,GDP 11.5,CouchDB,3.2.2,,,,https://github.com/IBM/universal-connectors/releases/download/v1.5.6/logstash-filter-couchdb_guardium_filter.zip,https://github.com/IBM/universal-connectors/blob/main/filter-plugin/logstash-filter-couchdb-guardium/README.md
GDP,GDP 11.5,Elasticsearch,8.9,,,,https://raw.githubusercontent.com/IBM/universal-connectors/refs/heads/main/filter-plugin/logstash-filter-elasticsearch-guardium/ElasticsearchOverFilebeatPackage/guardium_logstash-offline-plugins-elasticsearch.zip,https://github.com/IBM/universal-connectors/blob/main/filter-plugin/logstash-filter-elasticsearch-guardium/README.md
GDP,GDP 11.5,Greenplum,6.21.0,,,,https://github.com/IBM/universal-connectors/releases/download/v1.5.6/logstash-filter-greenplumdb_guardium_filter.zip,https://github.com/IBM/universal-connectors/blob/main/filter-plugin/logstash-filter-onPremGreenplumdb-guardium/README.md
GDP,GDP 11.5,HDFS,3.1,,,,https://github.com/IBM/universal-connectors/releases/download/v1.5.6/logstash-filter-hdfs_guardium_filter.zip,https://github.com/IBM/universal-connectors/blob/main/filter-plugin/logstash-filter-hdfs-guardium/README.md
GDP,GDP 11.5,Intersystems IRIS,2023.1,,,,https://raw.githubusercontent.com/IBM/universal-connectors/refs/heads/main/filter-plugin/logstash-filter-intersystems-iris-guardium/IntersystemsIrisoverJDBC/guardium_logstash-offline-plugin-intersystemsiris.zip,https://github.com/IBM/universal-connectors/blob/main/filter-plugin/logstash-filter-intersystems-iris-guardium/README.md
GDP,GDP 11.5,MariaDB,10.6,,,,https://github.com/IBM/universal-connectors/releases/download/v1.5.6/logstash-filter-mariadb_guardium_filter.zip,https://github.com/IBM/universal-connectors/blob/main/filter-plugin/logstash-filter-mariadb-guardium/README.md
GDP,GDP 11.5,MS SQL Server,14.00.3281.6,,,,https://raw.githubusercontent.com/IBM/universal-connectors/refs/heads/main/filter-plugin/logstash-filter-mssql-guardium/MssqlOverJdbcPackage/mssql-offline-plugins-7.5.2.zip,https://github.com/IBM/universal-connectors/blob/main/filter-plugin/logstash-filter-mssql-guardium/MssqlOverJdbcPackage/ONPREMMSSQL_README.md
GDP,GDP 11.5,MongoDB,4.4,,,,,https://github.com/IBM/universal-connectors/blob/main/filter-plugin/logstash-filter-mongodb-guardium/README.md
GDP,GDP 11.5,MySQL,8.0.36,,,,https://github.com/IBM/universal-connectors/releases/download/v1.5.6/logstash-filter-mysql_filter_guardium.zip,https://github.com/IBM/universal-connectors/blob/main/filter-plugin/logstash-filter-mysql-guardium/README.md
GDP,GDP 11.5,Percona Server for MySQL,5.7.31-34,,,,https://github.com/IBM/universal-connectors/raw/refs/heads/main/filter-plugin/logstash-filter-mysql-percona-guardium/MysqlPerconaOverFilebeatPackage/MysqlPercona/logstash-filter-mysql_percona_filter.zip,https://github.com/IBM/universal-connectors/blob/main/filter-plugin/logstash-filter-mysql-percona-guardium/README.md
GDP,GDP 11.5,Neo4j,4.4.3,,,,https://github.com/IBM/universal-connectors/releases/download/v1.5.6/logstash-filter-neodb_guardium_filter.zip,https://github.com/IBM/universal-connectors/blob/main/filter-plugin/logstash-filter-neo4j-guardium/README.md
GDP,GDP 11.5,EDB Postgres,EDB 12,,,,https://github.com/IBM/universal-connectors/raw/release-v1.2.0/filter-plugin/logstash-filter-onPremPostgres-guardium/PostgresOverFilebeatPackage/postgres-offline-plugins-7.5.2.zip,https://github.com/IBM/universal-connectors/blob/main/filter-plugin/logstash-filter-onPremPostgres-guardium/EDBPostgres_README.md
GDP,GDP 11.5,Fujitsu Postgres,FEP 14,,,,https://github.com/IBM/universal-connectors/raw/release-v1.2.0/filter-plugin/logstash-filter-onPremPostgres-guardium/PostgresOverFilebeatPackage/postgres-offline-plugins-7.5.2.zip,https://github.com/IBM/universal-connectors/blob/main/filter-plugin/logstash-filter-onPremPostgres-guardium/FEPostgres_README.md
GDP,GDP 11.5,SAP HANA,2.00.033.00.1535711040,,,,https://github.com/IBM/universal-connectors/raw/refs/heads/main/filter-plugin/logstash-filter-saphana-guardium/SaphanaOverFilebeatPackage/SAPHANA/SAPHANA-offline-plugin.zip,https://github.com/IBM/universal-connectors/blob/main/filter-plugin/logstash-filter-saphana-guardium/README.md
GDP,GDP 11.5,ScyllaDB,2023.1,,,,https://raw.githubusercontent.com/IBM/universal-connectors/refs/heads/main/filter-plugin/logstash-filter-scylldb-guardium/ScyllaDBOverSyslogPackage/guardium_logstash-offline-plugin-scylladb.zip,https://github.com/IBM/universal-connectors/blob/main/filter-plugin/logstash-filter-scylldb-guardium/README.md
GDP,GDP 11.5,Yugabyte,2.14,,,,https://github.com/IBM/universal-connectors/releases/download/v1.5.6/logstash-filter-yugabytedb_guardium_filter.zip,https://github.com/IBM/universal-connectors/blob/main/filter-plugin/logstash-filter-yugabyte-guardium/README.md
GDP,GDP 12.0,Apache Cassandra,4.0.1,,,,https://github.com/IBM/universal-connectors/releases/download/v1.5.6/logstash-filter-cassandra_guardium_plugin_filter.zip,https://github.com/IBM/universal-connectors/blob/main/filter-plugin/logstash-filter-cassandra-guardium/README.md
GDP,GDP 12.0,Couchbase,6.6.2-9600,,,,https://github.com/IBM/universal-connectors/releases/download/v1.5.6/logstash-filter-couchbasedb_guardium_plugin_filter.zip,https://github.com/IBM/universal-connectors/blob/main/filter-plugin/logstash-filter-couchbasedb-guardium/README.md
GDP,GDP 12.0,CouchDB,3.2.2,,,,https://github.com/IBM/universal-connectors/releases/download/v1.5.6/logstash-filter-couchdb_guardium_filter.zip,https://github.com/IBM/universal-connectors/blob/main/filter-plugin/logstash-filter-couchdb-guardium/README.md
GDP,GDP 12.0,Elasticsearch,8.9,,,,https://raw.githubusercontent.com/IBM/universal-connectors/refs/heads/main/filter-plugin/logstash-filter-elasticsearch-guardium/ElasticsearchOverFilebeatPackage/guardium_logstash-offline-plugins-elasticsearch.zip,https://github.com/IBM/universal-connectors/blob/main/filter-plugin/logstash-filter-elasticsearch-guardium/README.md
GDP,GDP 12.0,Greenplum,6.21.0,,,,https://github.com/IBM/universal-connectors/releases/download/v1.5.6/logstash-filter-greenplumdb_guardium_filter.zip,https://github.com/IBM/universal-connectors/blob/main/filter-plugin/logstash-filter-onPremGreenplumdb-guardium/README.md
GDP,GDP 12.0,HDFS,3.1,,,,https://github.com/IBM/universal-connectors/releases/download/v1.5.6/logstash-filter-hdfs_guardium_filter.zip,https://github.com/IBM/universal-connectors/blob/main/filter-plugin/logstash-filter-hdfs-guardium/README.md
GDP,GDP 12.0,Intersystems IRIS,2023.1,,,,https://raw.githubusercontent.com/IBM/universal-connectors/refs/heads/main/filter-plugin/logstash-filter-intersystems-iris-guardium/IntersystemsIrisoverJDBC/guardium_logstash-offline-plugin-intersystemsiris.zip,https://github.com/IBM/universal-connectors/blob/main/filter-plugin/logstash-filter-intersystems-iris-guardium/README.md
GDP,GDP 12.0,MariaDB,10.6,,,,https://github.com/IBM/universal-connectors/releases/download/v1.5.6/logstash-filter-mariadb_guardium_filter.zip,https://github.com/IBM/universal-connectors/blob/main/filter-plugin/logstash-filter-mariadb-guardium/README.md
GDP,GDP 12.0,MS SQL Server,14.00.3281.6,,,,https://raw.githubusercontent.com/IBM/universal-connectors/refs/heads/main/filter-plugin/logstash-filter-mssql-guardium/MssqlOverJdbcPackage/mssql-offline-plugins-7.5.2.zip,https://github.com/IBM/universal-connectors/blob/main/filter-plugin/logstash-filter-mssql-guardium/MssqlOverJdbcPackage/ONPREMMSSQL_README.md
GDP,GDP 12.0,MongoDB,4.4,,,,,https://github.com/IBM/universal-connectors/blob/main/filter-plugin/logstash-filter-mongodb-guardium/README.md
GDP,GDP 12.0,MySQL,8.0.36,,,,https://github.com/IBM/universal-connectors/releases/download/v1.5.6/logstash-filter-mysql_filter_guardium.zip,https://github.com/IBM/universal-connectors/blob/main/filter-plugin/logstash-filter-mysql-guardium/README.md
GDP,GDP 12.0,Percona Server for MySQL,5.7.31-34,,,,https://github.com/IBM/universal-connectors/raw/refs/heads/main/filter-plugin/logstash-filter-mysql-percona-guardium/MysqlPerconaOverFilebeatPackage/MysqlPercona/logstash-filter-mysql_percona_filter.zip,https://github.com/IBM/universal-connectors/blob/main/filter-plugin/logstash-filter-mysql-percona-guardium/README.md
GDP,GDP 12.0,Neo4j,4.4.3,,,,https://github.com/IBM/universal-connectors/releases/download/v1.5.6/logstash-filter-neodb_guardium_filter.zip,https://github.com/IBM/universal-connectors/blob/main/filter-plugin/logstash-filter-neo4j-guardium/README.md
GDP,GDP 12.0,EDB Postgres,EDB 12,,,,https://github.com/IBM/universal-connectors/raw/release-v1.2.0/filter-plugin/logstash-filter-onPremPostgres-guardium/PostgresOverFilebeatPackage/postgres-offline-plugins-7.5.2.zip,https://github.com/IBM/universal-connectors/blob/main/filter-plugin/logstash-filter-onPremPostgres-guardium/EDBPostgres_README.md
GDP,GDP 12.0,Fujitsu Postgres,FEP 14,,,,https://github.com/IBM/universal-connectors/raw/release-v1.2.0/filter-plugin/logstash-filter-onPremPostgres-guardium/PostgresOverFilebeatPackage/postgres-offline-plugins-7.5.2.zip,https://github.com/IBM/universal-connectors/blob/main/filter-plugin/logstash-filter-onPremPostgres-guardium/FEPostgres_README.md
GDP,GDP 12.0,SAP HANA,2.00.033.00.1535711040,,,,https://github.com/IBM/universal-connectors/raw/refs/heads/main/filter-plugin/logstash-filter-saphana-guardium/SaphanaOverFilebeatPackage/SAPHANA/SAPHANA-offline-plugin.zip,https://github.com/IBM/universal-connectors/blob/main/filter-plugin/logstash-filter-saphana-guardium/README.md
GDP,GDP 12.0,ScyllaDB,2023.1,,,,https://raw.githubusercontent.com/IBM/universal-connectors/refs/heads/main/filter-plugin/logstash-filter-scylldb-guardium/ScyllaDBOverSyslogPackage/guardium_logstash-offline-plugin-scylladb.zip,https://github.com/IBM/universal-connectors/blob/main/filter-plugin/logstash-filter-scylldb-guardium/README.md
GDP,GDP 12.0,Yugabyte,2.14,,,,https://github.com/IBM/universal-connectors/releases/download/v1.5.6/logstash-filter-yugabytedb_guardium_filter.zip,https://github.com/IBM/universal-connectors/blob/main/filter-plugin/logstash-filter-yugabyte-guardium/README.md
GDP,GDP 12.1,Apache Cassandra,4.0.1,,,,,https://github.com/IBM/universal-connectors/blob/main/filter-plugin/logstash-filter-cassandra-guardium/README.md
GDP,GDP 12.2,Apache Cassandra,4.0.1,,,,,https://github.com/IBM/universal-connectors/blob/main/filter-plugin/logstash-filter-cassandra-guardium/README.md
GDP,GDP 12.1,Couchbase,6.6.2-9600,,,,,https://github.com/IBM/universal-connectors/blob/main/filter-plugin/logstash-filter-couchbasedb-guardium/README.md
GDP,GDP 12.2,Couchbase,6.6.2-9600,,,,,https://github.com/IBM/universal-connectors/blob/main/filter-plugin/logstash-filter-couchbasedb-guardium/README.md
GDP,GDP 12.1,CouchDB,3.2.2,,,,,https://github.com/IBM/universal-connectors/blob/main/filter-plugin/logstash-filter-couchdb-guardium/README.md
GDP,GDP 12.2,CouchDB,3.2.2,,,,,https://github.com/IBM/universal-connectors/blob/main/filter-plugin/logstash-filter-couchdb-guardium/README.md
GDP,GDP 12.1,Elasticsearch,8.9,,,,,https://github.com/IBM/universal-connectors/blob/main/filter-plugin/logstash-filter-elasticsearch-guardium/README.md
GDP,GDP 12.2,Elasticsearch,8.9,,,,,https://github.com/IBM/universal-connectors/blob/main/filter-plugin/logstash-filter-elasticsearch-guardium/README.md
GDP,GDP 12.1,Greenplum,6.21.0,,,,,https://github.com/IBM/universal-connectors/blob/main/filter-plugin/logstash-filter-onPremGreenplumdb-guardium/README.md
GDP,GDP 12.2,Greenplum,6.21.0,,,,,https://github.com/IBM/universal-connectors/blob/main/filter-plugin/logstash-filter-onPremGreenplumdb-guardium/README.md
GDP,GDP 12.1,HDFS,3.1,,,,,https://github.com/IBM/universal-connectors/blob/main/filter-plugin/logstash-filter-hdfs-guardium/README.md
GDP,GDP 12.2,HDFS,3.1,,,,,https://github.com/IBM/universal-connectors/blob/main/filter-plugin/logstash-filter-hdfs-guardium/README.md
GDP,GDP 12.1,Intersystems IRIS,2023.1,,,,,https://github.com/IBM/universal-connectors/blob/main/filter-plugin/logstash-filter-intersystems-iris-guardium/README.md
GDP,GDP 12.2,Intersystems IRIS,2023.1,,,,,https://github.com/IBM/universal-connectors/blob/main/filter-plugin/logstash-filter-intersystems-iris-guardium/README.md
GDP,GDP 12.1,MariaDB,10.6,,,,,https://github.com/IBM/universal-connectors/blob/main/filter-plugin/logstash-filter-mariadb-guardium/README.md
GDP,GDP 12.2,MariaDB,10.6,,,,,https://github.com/IBM/universal-connectors/blob/main/filter-plugin/logstash-filter-mariadb-guardium/README.md
GDP,GDP 12.1,MS SQL Server,14.00.3281.6,,,,,https://github.com/IBM/universal-connectors/blob/main/filter-plugin/logstash-filter-mssql-guardium/MssqlOverJdbcPackage/ONPREMMSSQL_README.md
GDP,GDP 12.2,MS SQL Server,14.00.3281.6,,,,,https://github.com/IBM/universal-connectors/blob/main/filter-plugin/logstash-filter-mssql-guardium/MssqlOverJdbcPackage/ONPREMMSSQL_README.md
GDP,GDP 12.1,MongoDB,4.4,,,,,https://github.com/IBM/universal-connectors/blob/main/filter-plugin/logstash-filter-mongodb-guardium/README.md
GDP,GDP 12.2,MongoDB,4.4,,,,,https://github.com/IBM/universal-connectors/blob/main/filter-plugin/logstash-filter-mongodb-guardium/README.md
GDP,GDP 12.1,MySQL,8.0.36,,,,,https://github.com/IBM/universal-connectors/blob/main/filter-plugin/logstash-filter-mysql-guardium/README.md
GDP,GDP 12.2,MySQL,8.0.36,,,,,https://github.com/IBM/universal-connectors/blob/main/filter-plugin/logstash-filter-mysql-guardium/README.md
GDP,GDP 12.1,Percona Server for MySQL,5.7.31-34,,,,,https://github.com/IBM/universal-connectors/blob/main/filter-plugin/logstash-filter-mysql-percona-guardium/README.md
GDP,GDP 12.2,Percona Server for MySQL,5.7.31-34,,,,,https://github.com/IBM/universal-connectors/blob/main/filter-plugin/logstash-filter-mysql-percona-guardium/README.md
GDP,GDP 12.1,Neo4j,4.4.3,,,,,https://github.com/IBM/universal-connectors/blob/main/filter-plugin/logstash-filter-neo4j-guardium/README.md
GDP,GDP 12.2,Neo4j,4.4.3,,,,,https://github.com/IBM/universal-connectors/blob/main/filter-plugin/logstash-filter-neo4j-guardium/README.md
GDP,GDP 12.1,EDB Postgres,EDB 12,,,,,https://github.com/IBM/universal-connectors/blob/main/filter-plugin/logstash-filter-onPremPostgres-guardium/EDBPostgres_README.md
GDP,GDP 12.2,EDB Postgres,EDB 12,,,,,https://github.com/IBM/universal-connectors/blob/main/filter-plugin/logstash-filter-onPremPostgres-guardium/EDBPostgres_README.md
GDP,GDP 12.1,Fujitsu Postgres,FEP 14,,,,,https://github.com/IBM/universal-connectors/blob/main/filter-plugin/logstash-filter-onPremPostgres-guardium/FEPostgres_README.md
GDP,GDP 12.2,Fujitsu Postgres,FEP 14,,,,,https://github.com/IBM/universal-connectors/blob/main/filter-plugin/logstash-filter-onPremPostgres-guardium/FEPostgres_README.md
GDP,GDP 12.1,SAP HANA,2.00.033.00.1535711040,,,,,https://github.com/IBM/universal-connectors/blob/main/filter-plugin/logstash-filter-saphana-guardium/README.md
GDP,GDP 12.2,SAP HANA,2.00.033.00.1535711040,,,,,https://github.com/IBM/universal-connectors/blob/main/filter-plugin/logstash-filter-saphana-guardium/README.md
GDP,GDP 12.1,ScyllaDB,2023.1,,,,,https://github.com/IBM/universal-connectors/blob/main/filter-plugin/logstash-filter-scylldb-guardium/README.md
GDP,GDP 12.2,ScyllaDB,2023.1,,,,,https://github.com/IBM/universal-connectors/blob/main/filter-plugin/logstash-filter-scylldb-guardium/README.md
GDP,GDP 12.1,Yugabyte,2.14,,,,,https://github.com/IBM/universal-connectors/blob/main/filter-plugin/logstash-filter-yugabyte-guardium/README.md
GDP,GDP 12.2,Yugabyte,2.14,,,,,https://github.com/IBM/universal-connectors/blob/main/filter-plugin/logstash-filter-yugabyte-guardium/README.md
GDSC,GDSC 3.3.0,Apache Cassandra,4.0.1,,,,,https://github.com/IBM/universal-connectors/blob/main/filter-plugin/logstash-filter-cassandra-guardium/README.md
GDSC,GDSC 3.3.0,Couchbase,6.6.2-9600,,,,,https://github.com/IBM/universal-connectors/blob/main/filter-plugin/logstash-filter-couchbasedb-guardium/README.md
GDSC,GDSC 3.3.0,CouchDB,3.2.2,,,,,https://github.com/IBM/universal-connectors/blob/main/filter-plugin/logstash-filter-couchdb-guardium/README.md
GDSC,GDSC 3.3.0,Greenplum,6.21.0,,,,,https://github.com/IBM/universal-connectors/blob/main/filter-plugin/logstash-filter-onPremGreenplumdb-guardium/README.md
GDSC,GDSC 3.3.0,HDFS,3.1,,,,,https://github.com/IBM/universal-connectors/blob/main/filter-plugin/logstash-filter-hdfs-guardium/README.md
GDSC,GDSC 3.3.0,MariaDB,10.6,,,,,https://github.com/IBM/universal-connectors/blob/main/filter-plugin/logstash-filter-mariadb-guardium/README.md
GDSC,GDSC 3.3.0,MS SQL Server,14.00.3281.6,,,,,https://github.com/IBM/universal-connectors/blob/main/filter-plugin/logstash-filter-mssql-guardium/MssqlOverJdbcPackage/ONPREMMSSQL_README.md
GDSC,GDSC 3.3.0,MongoDB,4.4,,,,,https://github.com/IBM/universal-connectors/blob/main/filter-plugin/logstash-filter-mongodb-guardium/README.md
GDSC,GDSC 3.3.0,MySQL,8.0.36,,,,,https://github.com/IBM/universal-connectors/blob/main/filter-plugin/logstash-filter-mysql-guardium/README.md
GDSC,GDSC 3.3.0,Percona Server for MySQL,5.7.31-34,,,,,https://github.com/IBM/universal-connectors/blob/main/filter-plugin/logstash-filter-mysql-percona-guardium/README.md
GDSC,GDSC 3.3.0,Neo4j,4.4.3,,,,,https://github.com/IBM/universal-connectors/blob/main/filter-plugin/logstash-filter-neo4j-guardium/README.md
GDSC,GDSC 3.3.0,EDB Postgres,EDB 12,,,,,https://github.com/IBM/universal-connectors/blob/main/filter-plugin/logstash-filter-onPremPostgres-guardium/EDBPostgres_README.md
GDSC,GDSC 3.3.0,Fujitsu Postgres,FEP 14,,,,,https://github.com/IBM/universal-connectors/blob/main/filter-plugin/logstash-filter-onPremPostgres-guardium/FEPostgres_README.md
GDSC,GDSC 3.3.0,SAP HANA,2.00.033.00.1535711040,,,,,https://github.com/IBM/universal-connectors/blob/main/filter-plugin/logstash-filter-saphana-guardium/README.md
GDSC,GDSC 3.3.0,Yugabyte,2.14,,,,,https://github.com/IBM/universal-connectors/blob/main/filter-plugin/logstash-filter-yugabyte-guardium/README.md
GDSC,GDSC 3.4.0,Apache Cassandra,4.0.1,,,,,https://github.com/IBM/universal-connectors/blob/main/filter-plugin/logstash-filter-cassandra-guardium/README.md
GDSC,GDSC 3.4.0,Couchbase,6.6.2-9600,,,,,https://github.com/IBM/universal-connectors/blob/main/filter-plugin/logstash-filter-couchbasedb-guardium/README.md
GDSC,GDSC 3.4.0,CouchDB,3.2.2,,,,,https://github.com/IBM/universal-connectors/blob/main/filter-plugin/logstash-filter-couchdb-guardium/README.md
GDSC,GDSC 3.4.0,Greenplum,6.21.0,,,,,https://github.com/IBM/universal-connectors/blob/main/filter-plugin/logstash-filter-onPremGreenplumdb-guardium/README.md
GDSC,GDSC 3.4.0,HDFS,3.1,,,,,https://github.com/IBM/universal-connectors/blob/main/filter-plugin/logstash-filter-hdfs-guardium/README.md
GDSC,GDSC 3.4.0,MariaDB,10.6,,,,,https://github.com/IBM/universal-connectors/blob/main/filter-plugin/logstash-filter-mariadb-guardium/README.md
GDSC,GDSC 3.4.0,MS SQL Server,14.00.3281.6,,,,,https://github.com/IBM/universal-connectors/blob/main/filter-plugin/logstash-filter-mssql-guardium/MssqlOverJdbcPackage/ONPREMMSSQL_README.md
GDSC,GDSC 3.4.0,MongoDB,4.4,,,,,https://github.com/IBM/universal-connectors/blob/main/filter-plugin/logstash-filter-mongodb-guardium/README.md
GDSC,GDSC 3.4.0,MySQL,8.0.36,,,,,https://github.com/IBM/universal-connectors/blob/main/filter-plugin/logstash-filter-mysql-guardium/README.md
GDSC,GDSC 3.4.0,Percona Server for MySQL,5.7.31-34,,,,,https://github.com/IBM/universal-connectors/blob/main/filter-plugin/logstash-filter-mysql-percona-guardium/README.md
GDSC,GDSC 3.4.0,Neo4j,4.4.3,,,,,https://github.com/IBM/universal-connectors/blob/main/filter-plugin/logstash-filter-neo4j-guardium/README.md
GDSC,GDSC 3.4.0,EDB Postgres,EDB 12,,,,,https://github.com/IBM/universal-connectors/blob/main/filter-plugin/logstash-filter-onPremPostgres-guardium/EDBPostgres_README.md
GDSC,GDSC 3.4.0,Fujitsu Postgres,FEP 14,,,,,https://github.com/IBM/universal-connectors/blob/main/filter-plugin/logstash-filter-onPremPostgres-guardium/FEPostgres_README.md
GDSC,GDSC 3.4.0,SAP HANA,2.00.033.00.1535711040,,,,,https://github.com/IBM/universal-connectors/blob/main/filter-plugin/logstash-filter-saphana-guardium/README.md
GDSC,GDSC 3.4.0,Yugabyte,2.14,,,,,https://github.com/IBM/universal-connectors/blob/main/filter-plugin/logstash-filter-yugabyte-guardium/README.md
GDSC,GDSC 3.5.0,Apache Cassandra,4.0.1,,,,,https://github.com/IBM/universal-connectors/blob/main/filter-plugin/logstash-filter-cassandra-guardium/README.md
GDSC,GDSC 3.5.0,Couchbase,6.6.2-9600,,,,,https://github.com/IBM/universal-connectors/blob/main/filter-plugin/logstash-filter-couchbasedb-guardium/README.md
GDSC,GDSC 3.5.0,CouchDB,3.2.2,,,,,https://github.com/IBM/universal-connectors/blob/main/filter-plugin/logstash-filter-couchdb-guardium/README.md
GDSC,GDSC 3.5.0,Greenplum,6.21.0,,,,,https://github.com/IBM/universal-connectors/blob/main/filter-plugin/logstash-filter-onPremGreenplumdb-guardium/README.md
GDSC,GDSC 3.5.0,HDFS,3.1,,,,,https://github.com/IBM/universal-connectors/blob/main/filter-plugin/logstash-filter-hdfs-guardium/README.md
GDSC,GDSC 3.5.0,MariaDB,10.6,,,,,https://github.com/IBM/universal-connectors/blob/main/filter-plugin/logstash-filter-mariadb-guardium/README.md
GDSC,GDSC 3.5.0,MS SQL Server,14.00.3281.6,,,,,https://github.com/IBM/universal-connectors/blob/main/filter-plugin/logstash-filter-mssql-guardium/MssqlOverJdbcPackage/ONPREMMSSQL_README.md
GDSC,GDSC 3.5.0,MongoDB,4.4,,,,,https://github.com/IBM/universal-connectors/blob/main/filter-plugin/logstash-filter-mongodb-guardium/README.md
GDSC,GDSC 3.5.0,MySQL,8.0.36,,,,,https://github.com/IBM/universal-connectors/blob/main/filter-plugin/logstash-filter-mysql-guardium/README.md
GDSC,GDSC 3.5.0,Percona Server for MySQL,5.7.31-34,,,,,https://github.com/IBM/universal-connectors/blob/main/filter-plugin/logstash-filter-mysql-percona-guardium/README.md
GDSC,GDSC 3.5.0,Neo4j,4.4.3,,,,,https://github.com/IBM/universal-connectors/blob/main/filter-plugin/logstash-filter-neo4j-guardium/README.md
GDSC,GDSC 3.5.0,EDB Postgres,EDB 12,,,,,https://github.com/IBM/universal-connectors/blob/main/filter-plugin/logstash-filter-onPremPostgres-guardium/EDBPostgres_README.md
GDSC,GDSC 3.5.0,Fujitsu Postgres,FEP 14,,,,,https://github.com/IBM/universal-connectors/blob/main/filter-plugin/logstash-filter-onPremPostgres-guardium/FEPostgres_README.md
GDSC,GDSC 3.5.0,SAP HANA,2.00.033.00.1535711040,,,,,https://github.com/IBM/universal-connectors/blob/main/filter-plugin/logstash-filter-saphana-guardium/README.md
GDSC,GDSC 3.5.0,Yugabyte,2.14,,,,,https://github.com/IBM/universal-connectors/blob/main/filter-plugin/logstash-filter-yugabyte-guardium/README.md
GDSC,GDSC 3.6.0,Apache Cassandra,4.0.1,,,,,https://github.com/IBM/universal-connectors/blob/main/filter-plugin/logstash-filter-cassandra-guardium/README.md
GDSC,GDSC 3.6.0,Couchbase,6.6.2-9600,,,,,https://github.com/IBM/universal-connectors/blob/main/filter-plugin/logstash-filter-couchbasedb-guardium/README.md
GDSC,GDSC 3.6.0,CouchDB,3.2.2,,,,,https://github.com/IBM/universal-connectors/blob/main/filter-plugin/logstash-filter-couchdb-guardium/README.md
GDSC,GDSC 3.6.0,Greenplum,6.21.0,,,,,https://github.com/IBM/universal-connectors/blob/main/filter-plugin/logstash-filter-onPremGreenplumdb-guardium/README.md
GDSC,GDSC 3.6.0,HDFS,3.1,,,,,https://github.com/IBM/universal-connectors/blob/main/filter-plugin/logstash-filter-hdfs-guardium/README.md
GDSC,GDSC 3.6.0,MariaDB,10.6,,,,,https://github.com/IBM/universal-connectors/blob/main/filter-plugin/logstash-filter-mariadb-guardium/README.md
GDSC,GDSC 3.6.0,MS SQL Server,14.00.3281.6,,,,,https://github.com/IBM/universal-connectors/blob/main/filter-plugin/logstash-filter-mssql-guardium/MssqlOverJdbcPackage/ONPREMMSSQL_README.md
GDSC,GDSC 3.6.0,MongoDB,4.4,,,,,https://github.com/IBM/universal-connectors/blob/main/filter-plugin/logstash-filter-mongodb-guardium/README.md
GDSC,GDSC 3.6.0,MySQL,8.0.36,,,,,https://github.com/IBM/universal-connectors/blob/main/filter-plugin/logstash-filter-mysql-guardium/README.md
GDSC,GDSC 3.6.0,Percona Server for MySQL,5.7.31-34,,,,,https://github.com/IBM/universal-connectors/blob/main/filter-plugin/logstash-filter-mysql-percona-guardium/README.md
GDSC,GDSC 3.6.0,Neo4j,4.4.3,,,,,https://github.com/IBM/universal-connectors/blob/main/filter-plugin/logstash-filter-neo4j-guardium/README.md
GDSC,GDSC 3.6.0,EDB Postgres,EDB 12,,,,,https://github.com/IBM/universal-connectors/blob/main/filter-plugin/logstash-filter-onPremPostgres-guardium/EDBPostgres_README.md
GDSC,GDSC 3.6.0,Fujitsu Postgres,FEP 14,,,,,https://github.com/IBM/universal-connectors/blob/main/filter-plugin/logstash-filter-onPremPostgres-guardium/FEPostgres_README.md
GDSC,GDSC 3.6.0,SAP HANA,2.00.033.00.1535711040,,,,,https://github.com/IBM/universal-connectors/blob/main/filter-plugin/logstash-filter-saphana-guardium/README.md
GDSC,GDSC 3.6.0,Yugabyte,2.14,,,,,https://github.com/IBM/universal-connectors/blob/main/filter-plugin/logstash-filter-yugabyte-guardium/README.md
GDSC GDSC SaaS,GDSC SaaS,Apache Cassandra,4.0.1,,,,,https://github.com/IBM/universal-connectors/blob/main/filter-plugin/logstash-filter-cassandra-guardium/README.md
GDSC GDSC SaaS,GDSC SaaS,Couchbase,6.6.2-9600,,,,,https://github.com/IBM/universal-connectors/blob/main/filter-plugin/logstash-filter-couchbasedb-guardium/README.md
GDSC GDSC SaaS,GDSC SaaS,CouchDB,3.2.2,,,,,https://github.com/IBM/universal-connectors/blob/main/filter-plugin/logstash-filter-couchdb-guardium/README.md
GDSC GDSC SaaS,GDSC SaaS,Greenplum,6.21.0,,,,,https://github.com/IBM/universal-connectors/blob/main/filter-plugin/logstash-filter-onPremGreenplumdb-guardium/README.md
GDSC GDSC SaaS,GDSC SaaS,HDFS,3.1,,,,,https://github.com/IBM/universal-connectors/blob/main/filter-plugin/logstash-filter-hdfs-guardium/README.md
GDSC GDSC SaaS,GDSC SaaS,MariaDB,10.6,,,,,https://github.com/IBM/universal-connectors/blob/main/filter-plugin/logstash-filter-mariadb-guardium/README.md
GDSC GDSC SaaS,GDSC SaaS,MS SQL Server,14.00.3281.6,,,,,https://github.com/IBM/universal-connectors/blob/main/filter-plugin/logstash-filter-mssql-guardium/MssqlOverJdbcPackage/ONPREMMSSQL_README.md
GDSC GDSC SaaS,GDSC SaaS,MongoDB,4.4,,,,,https://github.com/IBM/universal-connectors/blob/main/filter-plugin/logstash-filter-mongodb-guardium/README.md
GDSC GDSC SaaS,GDSC SaaS,MySQL,8.0.36,,,,,https://github.com/IBM/universal-connectors/blob/main/filter-plugin/logstash-filter-mysql-guardium/README.md
GDSC GDSC SaaS,GDSC SaaS,Percona Server for MySQL,5.7.31-34,,,,,https://github.com/IBM/universal-connectors/blob/main/filter-plugin/logstash-filter-mysql-percona-guardium/README.md
GDSC GDSC SaaS,GDSC SaaS,Neo4j,4.4.3,,,,,https://github.com/IBM/universal-connectors/blob/main/filter-plugin/logstash-filter-neo4j-guardium/README.md
GDSC GDSC SaaS,GDSC SaaS,EDB Postgres,EDB 12,,,,,https://github.com/IBM/universal-connectors/blob/main/filter-plugin/logstash-filter-onPremPostgres-guardium/EDBPostgres_README.md
GDSC GDSC SaaS,GDSC SaaS,Fujitsu Postgres,FEP 14,,,,,https://github.com/IBM/universal-connectors/blob/main/filter-plugin/logstash-filter-onPremPostgres-guardium/FEPostgres_README.md
GDSC GDSC SaaS,GDSC SaaS,SAP HANA,2.00.033.00.1535711040,,,,,https://github.com/IBM/universal-connectors/blob/main/filter-plugin/logstash-filter-saphana-guardium/README.md
GDSC GDSC SaaS,GDSC SaaS,Yugabyte,2.14,,,,,https://github.com/IBM/universal-connectors/blob/main/filter-plugin/logstash-filter-yugabyte-guardium/README.md
GDP,GDP 11.5,Oracle,18,,,,https://github.com/IBM/universal-connectors/raw/release-v1.2.0/filter-plugin/logstash-filter-oua-guardium/OracleUnifiedAuditPackage/OracleUnifiedAudit/guardium-oua-uc.zip,https://github.com/IBM/universal-connectors/blob/main/filter-plugin/logstash-filter-oua-guardium/README.md
GDP,GDP 12.0,Oracle,18,,,,https://github.com/IBM/universal-connectors/raw/release-v1.2.0/filter-plugin/logstash-filter-oua-guardium/OracleUnifiedAuditPackage/OracleUnifiedAudit/guardium-oua-uc.zip,https://github.com/IBM/universal-connectors/blob/main/filter-plugin/logstash-filter-oua-guardium/README.md
GDP,GDP 12.1,Oracle,18,,,,,https://github.com/IBM/universal-connectors/blob/main/filter-plugin/logstash-filter-oua-guardium/README.md
GDP,GDP 12.2,Oracle,18,,,,,https://github.com/IBM/universal-connectors/blob/main/filter-plugin/logstash-filter-oua-guardium/README.md
GDP,GDP 11.5,Progressdb,12.6,,,,https://github.ibm.com/Activity-Insights/universal-connectors/raw/master/filter-plugin/logstash-filter-progressdb-guardium/ProgressOverJdbcPackage/logstash-filter-progress_guardium_plugin_filter.zip,https://github.com/IBM/universal-connectors/blob/main/filter-plugin/logstash-filter-progressdb-guardium/README.md
GDP,GDP 12.0,Progressdb,12.6,,,,https://github.ibm.com/Activity-Insights/universal-connectors/raw/master/filter-plugin/logstash-filter-progressdb-guardium/ProgressOverJdbcPackage/logstash-filter-progress_guardium_plugin_filter.zip,https://github.com/IBM/universal-connectors/blob/main/filter-plugin/logstash-filter-progressdb-guardium/README.md
GDP,GDP 12.1,Progressdb,12.6,,,,,https://github.com/IBM/universal-connectors/blob/main/filter-plugin/logstash-filter-progressdb-guardium/README.md
GDP,GDP 12.2,Progressdb,12.6,,,,,https://github.com/IBM/universal-connectors/blob/main/filter-plugin/logstash-filter-progressdb-guardium/README.md
GDP,GDP 11.5,Couchbase,7.2.5-7596,,,,https://github.com/IBM/universal-connectors/releases/download/v1.5.6/logstash-filter-couchbasedb_guardium_plugin_filter.zip,https://github.com/IBM/universal-connectors/blob/main/filter-plugin/logstash-filter-couchbasedb-guardium/README.md
GDP,GDP 12.0,Couchbase,7.2.5-7596,,,,https://github.com/IBM/universal-connectors/releases/download/v1.5.6/logstash-filter-couchbasedb_guardium_plugin_filter.zip,https://github.com/IBM/universal-connectors/blob/main/filter-plugin/logstash-filter-couchbasedb-guardium/README.md
GDP,GDP 12.1,Couchbase,7.2.5-7596,,,,,https://github.com/IBM/universal-connectors/blob/main/filter-plugin/logstash-filter-couchbasedb-guardium/README.md
GDP,GDP 12.2,Couchbase,7.2.5-7596,,,,,https://github.com/IBM/universal-connectors/blob/main/filter-plugin/logstash-filter-couchbasedb-guardium/README.md
GDSC,GDSC 3.3.0,Couchbase,7.2.5-7596,,,,,https://github.com/IBM/universal-connectors/blob/main/filter-plugin/logstash-filter-couchbasedb-guardium/README.md
GDSC,GDSC 3.4.0,Couchbase,7.2.5-7596,,,,,https://github.com/IBM/universal-connectors/blob/main/filter-plugin/logstash-filter-couchbasedb-guardium/README.md
GDSC,GDSC 3.5.0,Couchbase,7.2.5-7596,,,,,https://github.com/IBM/universal-connectors/blob/main/filter-plugin/logstash-filter-couchbasedb-guardium/README.md
GDSC,GDSC 3.6.0,Couchbase,7.2.5-7596,,,,,https://github.com/IBM/universal-connectors/blob/main/filter-plugin/logstash-filter-couchbasedb-guardium/README.md
GDSC GDSC SaaS,GDSC SaaS,Couchbase,7.2.5-7596,,,,,https://github.com/IBM/universal-connectors/blob/main/filter-plugin/logstash-filter-couchbasedb-guardium/README.md
GDP,GDP 11.5,Couchbase,7.6.1-3200,,,,https://github.com/IBM/universal-connectors/releases/download/v1.5.6/logstash-filter-couchbasedb_guardium_plugin_filter.zip,https://github.com/IBM/universal-connectors/blob/main/filter-plugin/logstash-filter-couchbasedb-guardium/README.md
GDP,GDP 12.0,Couchbase,7.6.1-3200,,,,https://github.com/IBM/universal-connectors/releases/download/v1.5.6/logstash-filter-couchbasedb_guardium_plugin_filter.zip,https://github.com/IBM/universal-connectors/blob/main/filter-plugin/logstash-filter-couchbasedb-guardium/README.md
GDP,GDP 12.1,Couchbase,7.6.1-3200,,,,,https://github.com/IBM/universal-connectors/blob/main/filter-plugin/logstash-filter-couchbasedb-guardium/README.md
GDP,GDP 12.2,Couchbase,7.6.1-3200,,,,,https://github.com/IBM/universal-connectors/blob/main/filter-plugin/logstash-filter-couchbasedb-guardium/README.md
GDSC,GDSC 3.3.0,Couchbase,7.6.1-3200,,,,,https://github.com/IBM/universal-connectors/blob/main/filter-plugin/logstash-filter-couchbasedb-guardium/README.md
GDSC,GDSC 3.4.0,Couchbase,7.6.1-3200,,,,,https://github.com/IBM/universal-connectors/blob/main/filter-plugin/logstash-filter-couchbasedb-guardium/README.md
GDSC,GDSC 3.5.0,Couchbase,7.6.1-3200,,,,,https://github.com/IBM/universal-connectors/blob/main/filter-plugin/logstash-filter-couchbasedb-guardium/README.md
GDSC,GDSC 3.6.0,Couchbase,7.6.1-3200,,,,,https://github.com/IBM/universal-connectors/blob/main/filter-plugin/logstash-filter-couchbasedb-guardium/README.md
GDSC GDSC SaaS,GDSC SaaS,Couchbase,7.6.1-3200,,,,,https://github.com/IBM/universal-connectors/blob/main/filter-plugin/logstash-filter-couchbasedb-guardium/README.md
GDP,GDP 11.5,Couchbase,7.6.3-4200,,,,https://github.com/IBM/universal-connectors/releases/download/v1.5.6/logstash-filter-couchbasedb_guardium_plugin_filter.zip,https://github.com/IBM/universal-connectors/blob/main/filter-plugin/logstash-filter-couchbasedb-guardium/README.md
GDP,GDP 12.0,Couchbase,7.6.3-4200,,,,https://github.com/IBM/universal-connectors/releases/download/v1.5.6/logstash-filter-couchbasedb_guardium_plugin_filter.zip,https://github.com/IBM/universal-connectors/blob/main/filter-plugin/logstash-filter-couchbasedb-guardium/README.md
GDP,GDP 12.1,Couchbase,7.6.3-4200,,,,,https://github.com/IBM/universal-connectors/blob/main/filter-plugin/logstash-filter-couchbasedb-guardium/README.md
GDP,GDP 12.2,Couchbase,7.6.3-4200,,,,,https://github.com/IBM/universal-connectors/blob/main/filter-plugin/logstash-filter-couchbasedb-guardium/README.md
GDSC,GDSC 3.3.0,Couchbase,7.6.3-4200,,,,,https://github.com/IBM/universal-connectors/blob/main/filter-plugin/logstash-filter-couchbasedb-guardium/README.md
GDSC,GDSC 3.4.0,Couchbase,7.6.3-4200,,,,,https://github.com/IBM/universal-connectors/blob/main/filter-plugin/logstash-filter-couchbasedb-guardium/README.md
GDSC,GDSC 3.5.0,Couchbase,7.6.3-4200,,,,,https://github.com/IBM/universal-connectors/blob/main/filter-plugin/logstash-filter-couchbasedb-guardium/README.md
GDSC,GDSC 3.6.0,Couchbase,7.6.3-4200,,,,,https://github.com/IBM/universal-connectors/blob/main/filter-plugin/logstash-filter-couchbasedb-guardium/README.md
GDSC GDSC SaaS,GDSC SaaS,Couchbase,7.6.3-4200,,,,,https://github.com/IBM/universal-connectors/blob/main/filter-plugin/logstash-filter-couchbasedb-guardium/README.md
GDP,GDP 11.5,Couchbase,7.6.4-5146,,,,https://github.com/IBM/universal-connectors/releases/download/v1.5.6/logstash-filter-couchbasedb_guardium_plugin_filter.zip,https://github.com/IBM/universal-connectors/blob/main/filter-plugin/logstash-filter-couchbasedb-guardium/README.md
GDP,GDP 12.0,Couchbase,7.6.4-5146,,,,https://github.com/IBM/universal-connectors/releases/download/v1.5.6/logstash-filter-couchbasedb_guardium_plugin_filter.zip,https://github.com/IBM/universal-connectors/blob/main/filter-plugin/logstash-filter-couchbasedb-guardium/README.md
GDP,GDP 12.1,Couchbase,7.6.4-5146,,,,,https://github.com/IBM/universal-connectors/blob/main/filter-plugin/logstash-filter-couchbasedb-guardium/README.md
GDP,GDP 12.2,Couchbase,7.6.4-5146,,,,,https://github.com/IBM/universal-connectors/blob/main/filter-plugin/logstash-filter-couchbasedb-guardium/README.md
GDSC,GDSC 3.3.0,Couchbase,7.6.4-5146,,,,,https://github.com/IBM/universal-connectors/blob/main/filter-plugin/logstash-filter-couchbasedb-guardium/README.md
GDSC,GDSC 3.4.0,Couchbase,7.6.4-5146,,,,,https://github.com/IBM/universal-connectors/blob/main/filter-plugin/logstash-filter-couchbasedb-guardium/README.md
GDSC,GDSC 3.5.0,Couchbase,7.6.4-5146,,,,,https://github.com/IBM/universal-connectors/blob/main/filter-plugin/logstash-filter-couchbasedb-guardium/README.md
GDSC,GDSC 3.6.0,Couchbase,7.6.4-5146,,,,,https://github.com/IBM/universal-connectors/blob/main/filter-plugin/logstash-filter-couchbasedb-guardium/README.md
GDSC GDSC SaaS,GDSC SaaS,Couchbase,7.6.4-5146,,,,,https://github.com/IBM/universal-connectors/blob/main/filter-plugin/logstash-filter-couchbasedb-guardium/README.md
GDP,GDP 11.5,Oracle,19c,,,,https://github.com/IBM/universal-connectors/raw/release-v1.2.0/filter-plugin/logstash-filter-oua-guardium/OracleUnifiedAuditPackage/OracleUnifiedAudit/guardium-oua-uc.zip,https://github.com/IBM/universal-connectors/blob/main/filter-plugin/logstash-filter-oua-guardium/README.md
GDP,GDP 12.0,Oracle,19c,,,,https://github.com/IBM/universal-connectors/raw/release-v1.2.0/filter-plugin/logstash-filter-oua-guardium/OracleUnifiedAuditPackage/OracleUnifiedAudit/guardium-oua-uc.zip,https://github.com/IBM/universal-connectors/blob/main/filter-plugin/logstash-filter-oua-guardium/README.md
GDP,GDP 12.1,Oracle,19c,,,,,https://github.com/IBM/universal-connectors/blob/main/filter-plugin/logstash-filter-oua-guardium/README.md
GDP,GDP 12.2,Oracle,19c,,,,,https://github.com/IBM/universal-connectors/blob/main/filter-plugin/logstash-filter-oua-guardium/README.md
GDP,GDP 11.5,Oracle,21,,,,https://github.com/IBM/universal-connectors/raw/release-v1.2.0/filter-plugin/logstash-filter-oua-guardium/OracleUnifiedAuditPackage/OracleUnifiedAudit/guardium-oua-uc.zip,https://github.com/IBM/universal-connectors/blob/main/filter-plugin/logstash-filter-oua-guardium/README.md
GDP,GDP 12.0,Oracle,21,,,,https://github.com/IBM/universal-connectors/raw/release-v1.2.0/filter-plugin/logstash-filter-oua-guardium/OracleUnifiedAuditPackage/OracleUnifiedAudit/guardium-oua-uc.zip,https://github.com/IBM/universal-connectors/blob/main/filter-plugin/logstash-filter-oua-guardium/README.md
GDP,GDP 12.1,Oracle,21,,,,,https://github.com/IBM/universal-connectors/blob/main/filter-plugin/logstash-filter-oua-guardium/README.md
GDP,GDP 12.2,Oracle,21,,,,,https://github.com/IBM/universal-connectors/blob/main/filter-plugin/logstash-filter-oua-guardium/README.md
GDP,GDP 11.5,Teradata,16.2,,,,https://github.com/IBM/universal-connectors/raw/refs/heads/main/filter-plugin/logstash-filter-teradatadb-guardium/TeradataOverJdbcPackage/logstash-filter-teradatadb_guardium_plugin_filter.zip,https://github.com/IBM/universal-connectors/blob/main/filter-plugin/logstash-filter-teradatadb-guardium/README.md
GDP,GDP 12.0,Teradata,16.2,,,,https://github.com/IBM/universal-connectors/raw/refs/heads/main/filter-plugin/logstash-filter-teradatadb-guardium/TeradataOverJdbcPackage/logstash-filter-teradatadb_guardium_plugin_filter.zip,https://github.com/IBM/universal-connectors/blob/main/filter-plugin/logstash-filter-teradatadb-guardium/README.md
GDP,GDP 12.1,Teradata,16.2,,,,,https://github.com/IBM/universal-connectors/blob/main/filter-plugin/logstash-filter-teradatadb-guardium/README.md
GDP,GDP 12.2,Teradata,16.2,,,,,https://github.com/IBM/universal-connectors/blob/main/filter-plugin/logstash-filter-teradatadb-guardium/README.md
GDP,GDP 11.5,Teradata,17.2,,,,https://github.com/IBM/universal-connectors/raw/refs/heads/main/filter-plugin/logstash-filter-teradatadb-guardium/TeradataOverJdbcPackage/logstash-filter-teradatadb_guardium_plugin_filter.zip,https://github.com/IBM/universal-connectors/blob/main/filter-plugin/logstash-filter-teradatadb-guardium/README.md
GDP,GDP 12.0,Teradata,17.2,,,,https://github.com/IBM/universal-connectors/raw/refs/heads/main/filter-plugin/logstash-filter-teradatadb-guardium/TeradataOverJdbcPackage/logstash-filter-teradatadb_guardium_plugin_filter.zip,https://github.com/IBM/universal-connectors/blob/main/filter-plugin/logstash-filter-teradatadb-guardium/README.md
GDP,GDP 12.1,Teradata,17.2,,,,,https://github.com/IBM/universal-connectors/blob/main/filter-plugin/logstash-filter-teradatadb-guardium/README.md
GDP,GDP 12.2,Teradata,17.2,,,,,https://github.com/IBM/universal-connectors/blob/main/filter-plugin/logstash-filter-teradatadb-guardium/README.md
GDP,GDP 12.2,TrinoDB,1,,,,,https://github.com/IBM/universal-connectors/blob/main/filter-plugin/logstash-filter-trino-guardium/README.md
GDP,GDP 12.1,Oracle ExaCC,19c,,,,,https://github.com/IBM/universal-connectors/blob/main/filter-plugin/logstash-filter-oua-guardium/README.md
GDP,GDP 12.2,Oracle ExaCC,19c,,,,,https://github.com/IBM/universal-connectors/blob/main/filter-plugin/logstash-filter-oua-guardium/README.md
GDP,GDP 12.0,SingleStore(formerly MemSQL),8.7.1,,,,,https://github.com/IBM/universal-connectors/blob/main/filter-plugin/logstash-filter-singlestore-guardium/README.md
GDP,GDP 12.1,SingleStore(formerly MemSQL),8.7.1,,,,,https://github.com/IBM/universal-connectors/blob/main/filter-plugin/logstash-filter-singlestore-guardium/README.md
GDP,GDP 12.2,SingleStore(formerly MemSQL),8.7.1,,,,,https://github.com/IBM/universal-connectors/blob/main/filter-plugin/logstash-filter-singlestore-guardium/README.md
GDP,GDP 12.2,Milvus,2.4.4,,,,,https://github.com/IBM/universal-connectors/blob/main/filter-plugin/logstash-filter-milvus-guardium/README.md
GDP,GDP 12.2,Sybase ASE,16,,,,,https://github.com/IBM/universal-connectors/blob/main/docs/KafkaBasedUCs/SybaseJDBCKafkaConnect.md
GDP,GDP 12.1,DataStax Enterprise,6.8,,,,,https://github.com/IBM/universal-connectors/blob/main/filter-plugin/logstash-filter-cassandra-guardium/README.md
GDP,GDP 12.2,DataStax Enterprise,6.8,,,,,https://github.com/IBM/universal-connectors/blob/main/filter-plugin/logstash-filter-cassandra-guardium/README.md
GDP,GDP 12.0,CockroachDB,25.4.1,,,,,https://github.com/IBM/universal-connectors/blob/main/filter-plugin/logstash-filter-cockroachdb-guardium/README.md
GDP,GDP 12.1,CockroachDB,25.4.1,,,,,https://github.com/IBM/universal-connectors/blob/main/filter-plugin/logstash-filter-cockroachdb-guardium/README.md
GDP,GDP 12.2,CockroachDB,25.4.1,,,,,https://github.com/IBM/universal-connectors/blob/main/filter-plugin/logstash-filter-cockroachdb-guardium/README.md